Time,Alpha_Wave,Gamma_Wave,label
0,102.3,88.3,NEGATIVE
0.5,102.3,88.3,NEGATIVE
1,102.3,88.3,NEGATIVE
1.5,102.3,88.3,NEGATIVE
2,102.3,88.3,NEGATIVE
2.5,102.3,88.3,NEGATIVE
3,102.3,88.3,NEGATIVE
3.5,102.3,88.3,NEGATIVE
4,102.3,88.3,NEGATIVE
4.5,102.3,88.3,NEGATIVE
5,102.3,88.3,NEGATIVE
5.5,102.3,88.3,NEGATIVE
6,102.3,88.3,NEGATIVE
6.5,102.3,88.3,NEGATIVE
7,102.3,88.3,NEGATIVE
7.5,102.3,88.3,NEGATIVE
8,102.3,88.3,NEGATIVE
8.5,102.3,88.3,NEGATIVE
9,102.3,88.3,NEGATIVE
9.5,102.3,88.3,NEGATIVE
10,102.3,88.3,NEGATIVE
10.5,102.3,88.3,NEGATIVE
11,102.3,88.3,NEGATIVE
11.5,102.3,88.3,NEGATIVE
12,102.3,88.3,NEGATIVE
12.5,102.3,88.3,NEGATIVE
13,102.3,88.3,NEGATIVE
13.5,102.3,88.3,NEGATIVE
14,102.3,88.3,NEGATIVE
14.5,102.3,88.3,NEGATIVE
15,102.3,88.3,NEGATIVE
15.5,102.3,88.3,NEGATIVE
16,102.3,88.3,NEGATIVE
16.5,102.3,88.3,NEGATIVE
17,102.3,88.3,NEGATIVE
17.5,102.3,88.3,NEGATIVE
18,102.3,88.3,NEGATIVE
18.5,102.3,88.3,NEGATIVE
19,102.3,88.3,NEGATIVE
19.5,102.3,88.3,NEGATIVE
20,102.3,88.3,NEGATIVE
20.5,102.3,88.3,NEGATIVE
21,102.3,88.3,NEGATIVE
21.5,102.3,88.3,NEGATIVE
22,102.3,88.3,NEGATIVE
22.5,102.3,88.3,NEGATIVE
23,102.3,88.3,NEGATIVE
23.5,102.3,88.3,NEGATIVE
24,102.3,88.3,NEGATIVE
24.5,102.3,88.3,NEGATIVE
25,102.3,88.3,NEGATIVE
25.5,102.3,88.3,NEGATIVE
26,102.3,88.3,NEGATIVE
26.5,102.3,88.3,NEGATIVE
27,102.3,88.3,NEGATIVE
27.5,102.3,88.3,NEGATIVE
28,102.3,88.3,NEGATIVE
28.5,102.3,88.3,NEGATIVE
29,102.3,88.3,NEGATIVE
29.5,102.3,88.3,NEGATIVE
30,102.3,88.3,NEGATIVE
30.5,102.3,88.3,NEGATIVE
31,102.3,88.3,NEGATIVE
31.5,102.3,88.3,NEGATIVE
32,102.3,88.3,NEGATIVE
32.5,102.3,88.3,NEGATIVE
33,102.3,88.3,NEGATIVE
33.5,102.3,88.3,NEGATIVE
34,102.3,88.3,NEGATIVE
34.5,102.3,88.3,NEGATIVE
35,102.3,88.3,NEGATIVE
35.5,102.3,88.3,NEGATIVE
36,102.3,88.3,NEGATIVE
36.5,102.3,88.3,NEGATIVE
37,102.3,88.3,NEGATIVE
37.5,102.3,88.3,NEGATIVE
38,102.3,88.3,NEGATIVE
38.5,102.3,88.3,NEGATIVE
39,102.3,88.3,NEGATIVE
39.5,102.3,88.3,NEGATIVE
40,102.3,88.3,NEGATIVE
40.5,102.3,88.3,NEGATIVE
41,102.3,88.3,NEGATIVE
41.5,102.3,88.3,NEGATIVE
42,102.3,88.3,NEGATIVE
42.5,102.3,88.3,NEGATIVE
43,102.3,88.3,NEGATIVE
43.5,102.3,88.3,NEGATIVE
44,102.3,88.3,NEGATIVE
44.5,102.3,88.3,NEGATIVE
45,102.3,88.3,NEGATIVE
45.5,102.3,88.3,NEGATIVE
46,102.3,88.3,NEGATIVE
46.5,102.3,88.3,NEGATIVE
47,102.3,88.3,NEGATIVE
47.5,102.3,88.3,NEGATIVE
48,102.3,88.3,NEGATIVE
48.5,102.3,88.3,NEGATIVE
49,102.3,88.3,NEGATIVE
49.5,102.3,88.3,NEGATIVE
50,102.3,88.3,NEGATIVE
50.5,102.3,88.3,NEGATIVE
51,102.3,88.3,NEGATIVE
51.5,102.3,88.3,NEGATIVE
52,102.3,88.3,NEGATIVE
52.5,102.3,88.3,NEGATIVE
53,102.3,88.3,NEGATIVE
53.5,102.3,88.3,NEGATIVE
54,102.3,88.3,NEGATIVE
54.5,102.3,88.3,NEGATIVE
55,102.3,88.3,NEGATIVE
55.5,102.3,88.3,NEGATIVE
56,102.3,88.3,NEGATIVE
56.5,102.3,88.3,NEGATIVE
57,102.3,88.3,NEGATIVE
57.5,102.3,88.3,NEGATIVE
58,102.3,88.3,NEGATIVE
58.5,102.3,88.3,NEGATIVE
59,102.3,88.3,NEGATIVE
59.5,102.3,88.3,NEGATIVE
60,102.3,88.3,NEGATIVE
60.5,102.3,88.3,NEGATIVE
61,102.3,88.3,NEGATIVE
61.5,102.3,88.3,NEGATIVE
62,102.3,88.3,NEGATIVE
62.5,102.3,88.3,NEGATIVE
63,102.3,88.3,NEGATIVE
63.5,102.3,88.3,NEGATIVE
64,102.3,88.3,NEGATIVE
64.5,102.3,88.3,NEGATIVE
65,102.3,88.3,NEGATIVE
65.5,102.4,88.3,NEGATIVE
66,102.4,88.4,NEGATIVE
66.5,102.5,88.5,NEGATIVE
67,102.5,88.6,NEGATIVE
67.5,102.5,88.7,NEGATIVE
68,102.5,88.8,NEGATIVE
68.5,102.6,88.8,NEGATIVE
69,102.6,88.9,NEGATIVE
69.5,102.7,89,NEGATIVE
70,102.7,89,NEGATIVE
70.5,102.7,89,NEGATIVE
71,102.7,89.1,NEGATIVE
71.5,102.8,89.2,NEGATIVE
72,102.9,89.3,NEGATIVE
72.5,103,89.4,NEGATIVE
73,103,89.5,NEGATIVE
73.5,103,89.5,NEGATIVE
74,103.1,89.6,NEGATIVE
74.5,103.2,89.7,NEGATIVE
75,103.3,89.8,NEGATIVE
75.5,103.3,89.8,NEGATIVE
76,103.3,89.9,NEGATIVE
76.5,103.3,89.9,NEGATIVE
77,103.4,89.9,NEGATIVE
77.5,103.4,90,NEGATIVE
78,103.4,90,NEGATIVE
78.5,103.4,90.1,NEGATIVE
79,103.4,90.1,NEGATIVE
79.5,103.5,90.1,NEGATIVE
80,103.5,90.1,NEGATIVE
80.5,103.5,90.1,NEGATIVE
81,103.5,90.1,NEGATIVE
81.5,103.5,90.1,NEGATIVE
82,103.5,90.1,NEGATIVE
82.5,103.5,90.1,NEGATIVE
83,103.5,90.1,NEGATIVE
83.5,103.5,90.1,NEGATIVE
84,103.5,90.1,NEGATIVE
84.5,103.6,90.1,NEGATIVE
85,103.6,90.1,NEGATIVE
85.5,103.6,90.1,NEGATIVE
86,103.6,90.1,NEGATIVE
86.5,103.6,90.1,NEGATIVE
87,103.6,90.1,NEGATIVE
87.5,103.6,90.1,NEGATIVE
88,103.6,90,NEGATIVE
88.5,103.5,90,NEGATIVE
89,103.5,90,NEGATIVE
89.5,103.4,89.9,NEGATIVE
90,103.3,89.8,NEGATIVE
90.5,103.3,89.7,NEGATIVE
91,103.2,89.6,NEGATIVE
91.5,103.2,89.5,NEGATIVE
92,103.1,89.5,NEGATIVE
92.5,103.1,89.5,NEGATIVE
93,103.1,89.4,NEGATIVE
93.5,103.1,89.4,NEGATIVE
94,103.1,89.4,NEGATIVE
94.5,103.1,89.3,NEGATIVE
95,103,89.3,NEGATIVE
95.5,102.9,89.2,NEGATIVE
96,102.9,89.1,NEGATIVE
96.5,102.9,89.1,NEGATIVE
97,102.8,88.9,NEGATIVE
97.5,102.8,88.9,NEGATIVE
98,102.7,88.8,NEGATIVE
98.5,102.7,88.7,NEGATIVE
99,102.7,88.6,NEGATIVE
99.5,102.6,88.5,NEGATIVE
100,102.6,88.5,NEGATIVE
100.5,102.6,88.4,NEGATIVE
101,102.6,88.4,NEGATIVE
101.5,102.6,88.3,NEGATIVE
102,102.6,88.3,NEGATIVE
102.5,102.6,88.3,NEGATIVE
103,102.6,88.3,NEGATIVE
103.5,102.6,88.4,NEGATIVE
104,102.6,88.4,NEGATIVE
104.5,102.6,88.3,NEGATIVE
105,102.7,88.2,NEGATIVE
105.5,102.7,88.3,NEGATIVE
106,102.7,88.3,NEGATIVE
106.5,102.7,88.3,NEGATIVE
107,102.6,88.3,NEGATIVE
107.5,102.5,88.3,NEGATIVE
108,102.5,88.3,NEGATIVE
108.5,102.5,88.3,NEGATIVE
109,102.4,88.3,NEGATIVE
109.5,102.4,88.3,NEGATIVE
110,102.4,88.3,NEGATIVE
110.5,102.4,88.3,NEGATIVE
111,102.4,88.3,NEGATIVE
111.5,102.4,88.3,NEGATIVE
112,102.5,88.3,NEGATIVE
112.5,102.5,88.3,NEGATIVE
113,102.5,88.3,NEGATIVE
113.5,102.5,88.3,NEGATIVE
114,102.6,88.3,NEGATIVE
114.5,102.6,88.2,NEGATIVE
115,102.6,88.1,NEGATIVE
115.5,102.7,88,NEGATIVE
116,102.7,88,NEGATIVE
116.5,102.6,87.9,NEGATIVE
117,102.5,87.9,NEGATIVE
117.5,102.4,87.7,NEGATIVE
118,102.4,87.6,NEGATIVE
118.5,102.4,87.7,NEGATIVE
119,102.4,87.7,NEGATIVE
119.5,102.4,87.7,NEGATIVE
120,102.4,87.7,NEGATIVE
120.5,102.4,87.8,NEGATIVE
121,102.4,87.8,NEGATIVE
121.5,102.3,87.8,NEGATIVE
122,102.3,87.8,NEGATIVE
122.5,102.2,87.9,NEGATIVE
123,102.3,88,NEGATIVE
123.5,102.3,88.1,NEGATIVE
124,102.3,88.2,NEGATIVE
124.5,102.2,88.2,NEGATIVE
125,102.2,88.2,NEGATIVE
125.5,102.2,88.2,NEGATIVE
126,102.3,88.2,NEGATIVE
126.5,102.3,88.1,NEGATIVE
127,102.2,88.1,NEGATIVE
127.5,102.1,88.1,NEGATIVE
128,102.1,88.1,NEGATIVE
128.5,102,88.1,NEGATIVE
129,102.1,88.1,NEGATIVE
129.5,102,88,NEGATIVE
130,102,88,NEGATIVE
130.5,102.1,88,NEGATIVE
131,102.1,87.9,NEGATIVE
131.5,102.2,87.8,NEGATIVE
132,102.2,87.8,NEGATIVE
132.5,102.2,87.8,NEGATIVE
133,102.2,87.8,NEGATIVE
133.5,102.2,87.7,NEGATIVE
134,102.3,87.7,NEGATIVE
134.5,102.3,87.7,NEGATIVE
135,102.3,87.6,NEGATIVE
135.5,102.2,87.5,NEGATIVE
136,102.2,87.5,NEGATIVE
136.5,102.2,87.4,NEGATIVE
137,102.2,87.5,NEGATIVE
137.5,102.2,87.5,NEGATIVE
138,102.1,87.6,NEGATIVE
138.5,102,87.6,NEGATIVE
139,102,87.7,NEGATIVE
139.5,102,87.7,NEGATIVE
140,102,87.8,NEGATIVE
140.5,102.1,87.7,NEGATIVE
141,102.1,87.7,NEGATIVE
141.5,102.1,87.7,NEGATIVE
142,102.2,87.6,NEGATIVE
142.5,102.2,87.5,NEGATIVE
143,102.2,87.5,NEGATIVE
143.5,102.2,87.4,NEGATIVE
144,102.2,87.4,NEGATIVE
144.5,102.1,87.3,NEGATIVE
145,102,87.2,NEGATIVE
145.5,102,87.1,NEGATIVE
146,102,86.9,NEGATIVE
146.5,102,86.8,NEGATIVE
147,102,86.7,NEGATIVE
147.5,101.9,86.5,NEGATIVE
148,101.9,86.5,NEGATIVE
148.5,101.8,86.3,NEGATIVE
149,101.8,86.2,NEGATIVE
149.5,101.8,86,NEGATIVE
150,101.7,85.9,NEGATIVE
150.5,101.7,85.9,NEGATIVE
151,101.8,86,NEGATIVE
151.5,101.7,86,NEGATIVE
152,101.7,86,NEGATIVE
152.5,101.6,86,NEGATIVE
153,101.5,85.9,NEGATIVE
153.5,101.5,85.9,NEGATIVE
154,101.6,85.9,NEGATIVE
154.5,101.5,86,NEGATIVE
155,101.5,86.1,NEGATIVE
155.5,101.5,86.1,NEGATIVE
156,101.5,86.1,NEGATIVE
156.5,101.4,86.1,NEGATIVE
157,101.3,86.1,NEGATIVE
157.5,101.2,86,NEGATIVE
158,101.2,86,NEGATIVE
158.5,101.1,86,NEGATIVE
159,101.1,86.1,NEGATIVE
159.5,101.1,86.1,NEGATIVE
160,101,86.1,NEUTRAL
160.5,101,86,NEUTRAL
161,101,86,NEUTRAL
161.5,101,85.8,NEUTRAL
162,101,85.7,NEUTRAL
162.5,101,85.6,NEUTRAL
163,101,85.4,NEUTRAL
163.5,101,85.3,NEUTRAL
164,101,85.2,NEUTRAL
164.5,101,85.3,NEUTRAL
165,101,85.4,NEUTRAL
165.5,100.9,85.5,NEUTRAL
166,100.9,85.5,NEUTRAL
166.5,100.8,85.4,NEUTRAL
167,100.8,85.3,NEUTRAL
167.5,100.8,85.2,NEUTRAL
168,100.8,85.1,NEUTRAL
168.5,100.8,85.1,NEUTRAL
169,100.8,85.2,NEUTRAL
169.5,100.8,85.3,NEUTRAL
170,100.9,85.4,NEUTRAL
170.5,100.9,85.5,NEUTRAL
171,100.8,85.6,NEUTRAL
171.5,100.9,85.7,NEUTRAL
172,100.9,85.7,NEUTRAL
172.5,100.9,85.9,NEUTRAL
173,100.9,86.1,NEUTRAL
173.5,101,86.2,NEUTRAL
174,101,86.3,NEUTRAL
174.5,101,86.3,NEUTRAL
175,101,86.3,NEUTRAL
175.5,101.1,86.3,NEGATIVE
176,101.2,86.3,NEGATIVE
176.5,101.2,86.4,NEGATIVE
177,101.2,86.4,NEGATIVE
177.5,101.2,86.4,NEGATIVE
178,101.2,86.4,NEGATIVE
178.5,101.2,86.3,NEGATIVE
179,101.2,86.4,NEGATIVE
179.5,101.3,86.3,NEGATIVE
180,101.3,86.4,NEGATIVE
180.5,101.4,86.4,NEGATIVE
181,101.4,86.5,NEGATIVE
181.5,101.4,86.5,NEGATIVE
182,101.4,86.5,NEGATIVE
182.5,101.4,86.5,NEGATIVE
183,101.5,86.5,NEGATIVE
183.5,101.5,86.4,NEGATIVE
184,101.5,86.4,NEGATIVE
184.5,101.5,86.5,NEGATIVE
185,101.5,86.6,NEGATIVE
185.5,101.6,86.7,NEGATIVE
186,101.6,86.8,NEGATIVE
186.5,101.6,86.9,NEGATIVE
187,101.6,86.9,NEGATIVE
187.5,101.5,87,NEGATIVE
188,101.5,87,NEGATIVE
188.5,101.6,87,NEGATIVE
189,101.6,86.9,NEGATIVE
189.5,101.6,86.9,NEGATIVE
190,101.5,87,NEGATIVE
190.5,101.5,87.1,NEGATIVE
191,101.4,87.1,NEGATIVE
191.5,101.4,87.1,NEGATIVE
192,101.4,87.1,NEGATIVE
192.5,101.5,87.1,NEGATIVE
193,101.4,87.1,NEGATIVE
193.5,101.4,87,NEGATIVE
194,101.3,87,NEGATIVE
194.5,101.3,87,NEGATIVE
195,101.3,87,NEGATIVE
195.5,101.3,87,NEGATIVE
196,101.3,87,NEGATIVE
196.5,101.3,86.9,NEGATIVE
197,101.2,86.8,NEGATIVE
197.5,101.2,86.7,NEGATIVE
198,101.2,86.6,NEGATIVE
198.5,101.1,86.6,NEGATIVE
199,101,86.5,NEUTRAL
199.5,100.9,86.4,NEUTRAL
200,100.8,86.3,NEUTRAL
200.5,100.7,86.3,NEUTRAL
201,100.7,86.4,NEUTRAL
201.5,100.7,86.4,NEUTRAL
202,100.6,86.3,NEUTRAL
202.5,100.5,86.2,NEUTRAL
203,100.4,86.1,NEUTRAL
203.5,100.4,86.1,NEUTRAL
204,100.4,86,NEUTRAL
204.5,100.4,86,NEUTRAL
205,100.4,86,NEUTRAL
205.5,100.4,85.9,NEUTRAL
206,100.4,85.9,NEUTRAL
206.5,100.4,85.9,NEUTRAL
207,100.3,85.9,NEUTRAL
207.5,100.3,85.9,NEUTRAL
208,100.3,85.8,NEUTRAL
208.5,100.3,85.7,NEUTRAL
209,100.3,85.7,NEUTRAL
209.5,100.2,85.7,NEUTRAL
210,100.2,85.7,NEUTRAL
210.5,100.2,85.6,NEUTRAL
211,100.2,85.6,NEUTRAL
211.5,100.2,85.5,NEUTRAL
212,100.2,85.6,NEUTRAL
212.5,100.2,85.6,NEUTRAL
213,100.2,85.6,NEUTRAL
213.5,100.2,85.7,NEUTRAL
214,100.3,85.7,NEUTRAL
214.5,100.3,85.9,NEUTRAL
215,100.4,86,NEUTRAL
215.5,100.4,86.2,NEUTRAL
216,100.4,86.3,NEUTRAL
216.5,100.4,86.2,NEUTRAL
217,100.4,86.2,NEUTRAL
217.5,100.5,86.2,NEUTRAL
218,100.5,86.2,NEUTRAL
218.5,100.6,86.2,NEUTRAL
219,100.6,86.2,NEUTRAL
219.5,100.6,86.2,NEUTRAL
220,100.6,86.3,NEUTRAL
220.5,100.6,86.3,NEUTRAL
221,100.6,86.4,NEUTRAL
221.5,100.6,86.5,NEUTRAL
222,100.6,86.7,NEUTRAL
222.5,100.6,86.9,NEUTRAL
223,100.7,87.1,NEUTRAL
223.5,100.8,87.2,NEUTRAL
224,100.9,87.2,NEUTRAL
224.5,101,87.3,NEUTRAL
225,101,87.4,NEUTRAL
225.5,101,87.5,NEUTRAL
226,101.1,87.6,NEGATIVE
226.5,101,87.8,NEUTRAL
227,101,87.9,NEUTRAL
227.5,101,88.1,NEUTRAL
228,101.1,88.2,NEGATIVE
228.5,101.1,88.4,NEGATIVE
229,101.1,88.5,NEGATIVE
229.5,101.2,88.7,NEGATIVE
230,101.2,88.9,NEGATIVE
230.5,101.2,89.1,NEGATIVE
231,101.2,89.4,NEGATIVE
231.5,101.3,89.5,NEGATIVE
232,101.4,89.7,NEGATIVE
232.5,101.4,89.8,NEGATIVE
233,101.4,89.9,NEGATIVE
233.5,101.3,90.1,NEGATIVE
234,101.3,90.3,NEGATIVE
234.5,101.2,90.5,NEGATIVE
235,101.1,90.6,NEGATIVE
235.5,101.1,90.6,NEGATIVE
236,101.2,90.6,NEGATIVE
236.5,101.2,90.5,NEGATIVE
237,101.3,90.5,NEGATIVE
237.5,101.3,90.5,NEGATIVE
238,101.3,90.4,NEGATIVE
238.5,101.3,90.3,NEGATIVE
239,101.3,90.2,NEGATIVE
239.5,101.3,90.2,NEGATIVE
240,101.3,90.2,NEGATIVE
240.5,101.2,90.1,NEGATIVE
241,101.1,90.1,NEGATIVE
241.5,101,90,NEUTRAL
242,101,90,NEUTRAL
242.5,101,90,NEUTRAL
243,101,90,NEUTRAL
243.5,101,89.9,NEUTRAL
244,101,89.9,NEUTRAL
244.5,101,89.8,NEUTRAL
245,101.1,89.8,NEGATIVE
245.5,101.1,89.6,NEGATIVE
246,101.1,89.4,NEGATIVE
246.5,101,89.3,NEUTRAL
247,100.9,89.1,NEUTRAL
247.5,100.9,89,NEUTRAL
248,100.8,89,NEUTRAL
248.5,100.8,89,NEUTRAL
249,100.9,89,NEUTRAL
249.5,100.9,89,NEUTRAL
250,100.9,88.9,NEUTRAL
250.5,100.9,88.8,NEUTRAL
251,100.9,88.7,NEUTRAL
251.5,100.9,88.5,NEUTRAL
252,100.8,88.4,NEUTRAL
252.5,100.8,88.3,NEUTRAL
253,100.7,88.3,NEUTRAL
253.5,100.7,88.2,NEUTRAL
254,100.8,88.1,NEUTRAL
254.5,100.8,87.9,NEUTRAL
255,100.8,87.9,NEUTRAL
255.5,100.7,87.9,NEUTRAL
256,100.6,87.9,NEUTRAL
256.5,100.6,87.9,NEUTRAL
257,100.6,87.8,NEUTRAL
257.5,100.5,87.6,NEUTRAL
258,100.5,87.5,NEUTRAL
258.5,100.5,87.4,NEUTRAL
259,100.5,87.4,NEUTRAL
259.5,100.4,87.4,NEUTRAL
260,100.4,87.4,NEUTRAL
260.5,100.4,87.4,NEUTRAL
261,100.4,87.5,NEUTRAL
261.5,100.3,87.5,NEUTRAL
262,100.3,87.6,NEUTRAL
262.5,100.2,87.6,NEUTRAL
263,100.2,87.6,NEUTRAL
263.5,100.2,87.6,NEUTRAL
264,100.2,87.7,NEUTRAL
264.5,100.2,87.7,NEUTRAL
265,100.3,87.8,NEUTRAL
265.5,100.3,87.8,NEUTRAL
266,100.4,87.8,NEUTRAL
266.5,100.4,87.8,NEUTRAL
267,100.4,87.8,NEUTRAL
267.5,100.4,87.8,NEUTRAL
268,100.4,87.9,NEUTRAL
268.5,100.3,87.8,NEUTRAL
269,100.3,87.9,NEUTRAL
269.5,100.3,87.9,NEUTRAL
270,100.3,88,NEUTRAL
270.5,100.4,88.1,NEUTRAL
271,100.5,88.1,NEUTRAL
271.5,100.5,88.1,NEUTRAL
272,100.5,88.1,NEUTRAL
272.5,100.5,88.1,NEUTRAL
273,100.6,88.1,NEUTRAL
273.5,100.6,88,NEUTRAL
274,100.6,88,NEUTRAL
274.5,100.6,88,NEUTRAL
275,100.6,88,NEUTRAL
275.5,100.5,88,NEUTRAL
276,100.5,87.9,NEUTRAL
276.5,100.5,87.7,NEUTRAL
277,100.4,87.5,NEUTRAL
277.5,100.2,87.3,NEUTRAL
278,100.1,87.2,NEUTRAL
278.5,100,87.1,NEUTRAL
279,100,86.9,NEUTRAL
279.5,100,86.8,NEUTRAL
280,100,86.8,NEUTRAL
280.5,99.9,86.7,NEUTRAL
281,99.8,86.6,NEUTRAL
281.5,99.8,86.5,NEUTRAL
282,99.8,86.4,NEUTRAL
282.5,99.8,86.4,NEUTRAL
283,99.8,86.4,NEUTRAL
283.5,99.7,86.3,NEUTRAL
284,99.6,86.3,NEUTRAL
284.5,99.5,86.2,NEUTRAL
285,99.5,86,NEUTRAL
285.5,99.5,85.9,NEUTRAL
286,99.4,85.8,NEUTRAL
286.5,99.4,85.8,NEUTRAL
287,99.3,85.7,NEUTRAL
287.5,99.1,85.6,NEUTRAL
288,99.1,85.6,NEUTRAL
288.5,99,85.5,NEUTRAL
289,98.9,85.4,POSITIVE
289.5,98.8,85.4,POSITIVE
290,98.7,85.2,POSITIVE
290.5,98.5,85.1,POSITIVE
291,98.3,85.1,POSITIVE
291.5,98.1,85.1,POSITIVE
292,98.1,85.1,POSITIVE
292.5,98.1,85,POSITIVE
293,98.1,84.9,POSITIVE
293.5,98,84.8,POSITIVE
294,97.9,84.8,POSITIVE
294.5,97.8,84.7,POSITIVE
295,97.7,84.6,POSITIVE
295.5,97.7,84.5,POSITIVE
296,97.6,84.5,POSITIVE
296.5,97.5,84.4,POSITIVE
297,97.4,84.3,POSITIVE
297.5,97.4,84.1,POSITIVE
298,97.2,84.1,POSITIVE
298.5,97.1,84,POSITIVE
299,97.1,84,POSITIVE
299.5,97.1,84.1,POSITIVE
300,97.1,84.2,POSITIVE
300.5,97.1,84.2,POSITIVE
301,97.2,84.2,POSITIVE
301.5,97.2,84.2,POSITIVE
302,97.2,84.3,POSITIVE
302.5,97.2,84.3,POSITIVE
303,97.2,84.3,POSITIVE
303.5,97.2,84.4,POSITIVE
304,97.3,84.5,POSITIVE
304.5,97.5,84.7,POSITIVE
305,97.6,84.9,POSITIVE
305.5,97.7,85,POSITIVE
306,97.7,85.1,POSITIVE
306.5,97.8,85.2,POSITIVE
307,97.9,85.3,POSITIVE
307.5,98,85.4,POSITIVE
308,98.1,85.5,POSITIVE
308.5,98.1,85.6,POSITIVE
309,98.1,85.8,POSITIVE
309.5,98.1,85.9,POSITIVE
310,98.2,86,POSITIVE
310.5,98.4,86.1,POSITIVE
311,98.5,86.2,POSITIVE
311.5,98.6,86.2,POSITIVE
312,98.7,86.3,POSITIVE
312.5,98.7,86.4,POSITIVE
313,98.9,86.4,POSITIVE
313.5,99,86.5,NEUTRAL
314,99.2,86.6,NEUTRAL
314.5,99.4,86.7,NEUTRAL
315,99.5,86.7,NEUTRAL
315.5,99.5,86.7,NEUTRAL
316,99.6,86.8,NEUTRAL
316.5,99.7,86.9,NEUTRAL
317,99.8,87,NEUTRAL
317.5,99.9,87,NEUTRAL
318,99.9,87.1,NEUTRAL
318.5,99.9,87.1,NEUTRAL
319,99.9,87.2,NEUTRAL
319.5,100,87.3,NEUTRAL
320,100.1,87.3,NEUTRAL
320.5,100.2,87.4,NEUTRAL
321,100.3,87.4,NEUTRAL
321.5,100.4,87.5,NEUTRAL
322,100.6,87.5,NEUTRAL
322.5,100.7,87.5,NEUTRAL
323,100.7,87.6,NEUTRAL
323.5,100.6,87.6,NEUTRAL
324,100.7,87.6,NEUTRAL
324.5,100.8,87.7,NEUTRAL
325,100.9,87.7,NEUTRAL
325.5,101,87.7,NEUTRAL
326,101.1,87.7,NEGATIVE
326.5,101.1,87.8,NEGATIVE
327,101.2,87.7,NEGATIVE
327.5,101.2,87.6,NEGATIVE
328,101.2,87.5,NEGATIVE
328.5,101.1,87.4,NEGATIVE
329,101,87.3,NEUTRAL
329.5,100.9,87.2,NEUTRAL
330,100.8,87,NEUTRAL
330.5,100.7,86.8,NEUTRAL
331,100.6,86.7,NEUTRAL
331.5,100.5,86.6,NEUTRAL
332,100.5,86.5,NEUTRAL
332.5,100.4,86.4,NEUTRAL
333,100.2,86.3,NEUTRAL
333.5,100.1,86.1,NEUTRAL
334,100,85.9,NEUTRAL
334.5,99.9,85.8,NEUTRAL
335,99.8,85.7,NEUTRAL
335.5,99.7,85.7,NEUTRAL
336,99.6,85.7,NEUTRAL
336.5,99.5,85.6,NEUTRAL
337,99.3,85.6,NEUTRAL
337.5,99.2,85.5,NEUTRAL
338,99.1,85.5,NEUTRAL
338.5,99,85.5,NEUTRAL
339,99,85.4,NEUTRAL
339.5,98.9,85.3,POSITIVE
340,98.7,85.2,POSITIVE
340.5,98.6,85.1,POSITIVE
341,98.4,85,POSITIVE
341.5,98.4,84.9,POSITIVE
342,98.4,84.9,POSITIVE
342.5,98.5,84.8,POSITIVE
343,98.5,84.8,POSITIVE
343.5,98.4,84.7,POSITIVE
344,98.3,84.7,POSITIVE
344.5,98.3,84.6,POSITIVE
345,98.1,84.6,POSITIVE
345.5,98.1,84.6,POSITIVE
346,98,84.6,POSITIVE
346.5,98,84.5,POSITIVE
347,98,84.5,POSITIVE
347.5,97.9,84.5,POSITIVE
348,97.7,84.4,POSITIVE
348.5,97.6,84.4,POSITIVE
349,97.5,84.4,POSITIVE
349.5,97.4,84.5,POSITIVE
350,97.3,84.6,POSITIVE
350.5,97.3,84.6,POSITIVE
351,97.2,84.5,POSITIVE
351.5,97,84.5,POSITIVE
352,96.9,84.5,POSITIVE
352.5,96.9,84.5,POSITIVE
353,96.9,84.5,POSITIVE
353.5,97,84.5,POSITIVE
354,97.1,84.4,POSITIVE
354.5,97.1,84.5,POSITIVE
355,97.1,84.5,POSITIVE
355.5,97.1,84.5,POSITIVE
356,97.2,84.5,POSITIVE
356.5,97.4,84.6,POSITIVE
357,97.5,84.7,POSITIVE
357.5,97.6,84.8,POSITIVE
358,97.6,84.9,POSITIVE
358.5,97.7,84.9,POSITIVE
359,97.7,84.9,POSITIVE
359.5,97.7,84.9,POSITIVE
360,97.7,84.8,POSITIVE
360.5,97.7,84.8,POSITIVE
361,97.8,84.8,POSITIVE
361.5,97.8,84.8,POSITIVE
362,97.8,84.8,POSITIVE
362.5,97.8,84.9,POSITIVE
363,97.9,85,POSITIVE
363.5,98,85.1,POSITIVE
364,98,85.2,POSITIVE
364.5,98,85.2,POSITIVE
365,97.9,85.3,POSITIVE
365.5,97.9,85.4,POSITIVE
366,97.9,85.5,POSITIVE
366.5,97.9,85.6,POSITIVE
367,97.9,85.6,POSITIVE
367.5,98,85.7,POSITIVE
368,98.1,85.8,POSITIVE
368.5,98.2,85.8,POSITIVE
369,98.3,85.8,POSITIVE
369.5,98.3,85.8,POSITIVE
370,98.3,85.8,POSITIVE
370.5,98.4,85.9,POSITIVE
371,98.5,85.9,POSITIVE
371.5,98.7,86,POSITIVE
372,98.8,86.2,POSITIVE
372.5,98.8,86.2,POSITIVE
373,98.8,86.2,POSITIVE
373.5,98.9,86.2,POSITIVE
374,99,86.2,NEUTRAL
374.5,99.1,86.3,NEUTRAL
375,99.3,86.4,NEUTRAL
375.5,99.4,86.4,NEUTRAL
376,99.6,86.4,NEUTRAL
376.5,99.6,86.5,NEUTRAL
377,99.7,86.6,NEUTRAL
377.5,99.7,86.7,NEUTRAL
378,99.7,86.8,NEUTRAL
378.5,99.7,86.9,NEUTRAL
379,99.8,87,NEUTRAL
379.5,99.9,87.1,NEUTRAL
380,99.9,87.2,NEUTRAL
380.5,100,87.2,NEUTRAL
381,100,87.3,NEUTRAL
381.5,100,87.4,NEUTRAL
382,100,87.4,NEUTRAL
382.5,100.1,87.5,NEUTRAL
383,100.2,87.6,NEUTRAL
383.5,100.3,87.6,NEUTRAL
384,100.4,87.7,NEUTRAL
384.5,100.4,87.7,NEUTRAL
385,100.5,87.7,NEUTRAL
385.5,100.5,87.7,NEUTRAL
386,100.6,87.7,NEUTRAL
386.5,100.6,87.7,NEUTRAL
387,100.6,87.7,NEUTRAL
387.5,100.6,87.8,NEUTRAL
388,100.6,87.8,NEUTRAL
388.5,100.6,87.7,NEUTRAL
389,100.6,87.6,NEUTRAL
389.5,100.5,87.6,NEUTRAL
390,100.5,87.6,NEUTRAL
390.5,100.5,87.6,NEUTRAL
391,100.6,87.6,NEUTRAL
391.5,100.6,87.7,NEUTRAL
392,100.5,87.8,NEUTRAL
392.5,100.5,87.9,NEUTRAL
393,100.4,87.9,NEUTRAL
393.5,100.4,87.9,NEUTRAL
394,100.4,87.9,NEUTRAL
394.5,100.3,88,NEUTRAL
395,100.1,88,NEUTRAL
395.5,100.1,88,NEUTRAL
396,100.1,87.9,NEUTRAL
396.5,100.1,87.9,NEUTRAL
397,100.1,87.9,NEUTRAL
397.5,100,87.9,NEUTRAL
398,99.9,87.8,NEUTRAL
398.5,99.8,87.8,NEUTRAL
399,99.7,87.8,NEUTRAL
399.5,99.6,87.9,NEUTRAL
400,99.5,87.9,NEUTRAL
400.5,99.5,87.9,NEUTRAL
401,99.5,87.8,NEUTRAL
401.5,99.5,87.8,NEUTRAL
402,99.6,87.8,NEUTRAL
402.5,99.6,87.8,NEUTRAL
403,99.6,87.8,NEUTRAL
403.5,99.5,87.7,NEUTRAL
404,99.4,87.6,NEUTRAL
404.5,99.4,87.4,NEUTRAL
405,99.3,87.3,NEUTRAL
405.5,99.4,87.3,NEUTRAL
406,99.4,87.2,NEUTRAL
406.5,99.3,87.2,NEUTRAL
407,99.2,87.1,NEUTRAL
407.5,99.1,87.1,NEUTRAL
408,99.1,87.1,NEUTRAL
408.5,99,87.1,NEUTRAL
409,99,87.1,NEUTRAL
409.5,99,87,NEUTRAL
410,99,87,NEUTRAL
410.5,99,87,NEUTRAL
411,99.1,87,NEUTRAL
411.5,99.2,87,NEUTRAL
412,99.2,86.9,NEUTRAL
412.5,99.2,86.8,NEUTRAL
413,99.2,86.7,NEUTRAL
413.5,99.2,86.7,NEUTRAL
414,99.3,86.6,NEUTRAL
414.5,99.3,86.5,NEUTRAL
415,99.2,86.4,NEUTRAL
415.5,99.2,86.3,NEUTRAL
416,99.2,86.3,NEUTRAL
416.5,99.2,86.3,NEUTRAL
417,99.2,86.2,NEUTRAL
417.5,99.2,86.2,NEUTRAL
418,99.2,86.1,NEUTRAL
418.5,99.3,86,NEUTRAL
419,99.3,85.9,NEUTRAL
419.5,99.3,85.8,NEUTRAL
420,99.3,85.8,NEUTRAL
420.5,99.2,85.8,NEUTRAL
421,99.3,85.8,NEUTRAL
421.5,99.3,85.7,NEUTRAL
422,99.3,85.7,NEUTRAL
422.5,99.3,85.6,NEUTRAL
423,99.4,85.4,NEUTRAL
423.5,99.4,85.4,NEUTRAL
424,99.5,85.4,NEUTRAL
424.5,99.5,85.5,NEUTRAL
425,99.5,85.5,NEUTRAL
425.5,99.4,85.4,NEUTRAL
426,99.4,85.3,NEUTRAL
426.5,99.3,85.3,NEUTRAL
427,99.3,85.3,NEUTRAL
427.5,99.3,85.2,NEUTRAL
428,99.2,85.3,NEUTRAL
428.5,99.2,85.3,NEUTRAL
429,99.1,85.3,NEUTRAL
429.5,99.1,85.2,NEUTRAL
430,99,85.2,NEUTRAL
430.5,99.1,85.1,NEUTRAL
431,99.1,85.2,NEUTRAL
431.5,99.1,85.2,NEUTRAL
432,99.1,85.2,NEUTRAL
432.5,99.1,85.1,NEUTRAL
433,99,85.1,NEUTRAL
433.5,98.9,85.1,POSITIVE
434,98.7,85,POSITIVE
434.5,98.6,85.1,POSITIVE
435,98.6,85.1,POSITIVE
435.5,98.6,85.1,POSITIVE
436,98.7,85.1,POSITIVE
436.5,98.7,85.2,POSITIVE
437,98.7,85.2,POSITIVE
437.5,98.7,85.2,POSITIVE
438,98.7,85.2,POSITIVE
438.5,98.6,85.2,POSITIVE
439,98.6,85.2,POSITIVE
439.5,98.5,85.1,POSITIVE
440,98.5,85.2,POSITIVE
440.5,98.5,85.2,POSITIVE
441,98.4,85.3,POSITIVE
441.5,98.4,85.3,POSITIVE
442,98.4,85.3,POSITIVE
442.5,98.4,85.3,POSITIVE
443,98.4,85.3,POSITIVE
443.5,98.4,85.2,POSITIVE
444,98.5,85.2,POSITIVE
444.5,98.5,85.1,POSITIVE
445,98.5,85.1,POSITIVE
445.5,98.5,85.1,POSITIVE
446,98.5,85.1,POSITIVE
446.5,98.5,85.1,POSITIVE
447,98.4,85,POSITIVE
447.5,98.3,85,POSITIVE
448,98.2,84.9,POSITIVE
448.5,98,84.9,POSITIVE
449,97.9,84.8,POSITIVE
449.5,97.9,84.8,POSITIVE
450,97.9,84.7,POSITIVE
450.5,98,84.8,POSITIVE
451,97.9,84.8,POSITIVE
451.5,97.9,84.8,POSITIVE
452,97.9,84.7,POSITIVE
452.5,97.8,84.7,POSITIVE
453,97.8,84.8,POSITIVE
453.5,97.9,84.8,POSITIVE
454,97.8,84.8,POSITIVE
454.5,97.9,84.8,POSITIVE
455,97.8,84.9,POSITIVE
455.5,97.8,84.9,POSITIVE
456,97.9,84.8,POSITIVE
456.5,97.9,84.8,POSITIVE
457,98,84.8,POSITIVE
457.5,98.1,84.7,POSITIVE
458,98.1,84.7,POSITIVE
458.5,98.1,84.6,POSITIVE
459,98.1,84.6,POSITIVE
459.5,98,84.6,POSITIVE
460,98,84.6,POSITIVE
460.5,97.8,84.6,POSITIVE
461,97.7,84.6,POSITIVE
461.5,97.7,84.7,POSITIVE
462,97.7,84.7,POSITIVE
462.5,97.8,84.7,POSITIVE
463,97.8,84.6,POSITIVE
463.5,97.8,84.4,POSITIVE
464,97.9,84.3,POSITIVE
464.5,97.9,84.3,POSITIVE
465,97.9,84.3,POSITIVE
465.5,97.9,84.3,POSITIVE
466,97.8,84.3,POSITIVE
466.5,97.7,84.3,POSITIVE
467,97.6,84.3,POSITIVE
467.5,97.5,84.4,POSITIVE
468,97.5,84.5,POSITIVE
468.5,97.5,84.5,POSITIVE
469,97.5,84.6,POSITIVE
469.5,97.6,84.6,POSITIVE
470,97.6,84.7,POSITIVE
470.5,97.6,84.7,POSITIVE
471,97.6,84.8,POSITIVE
471.5,97.6,84.8,POSITIVE
472,97.7,84.9,POSITIVE
472.5,97.8,84.9,POSITIVE
473,97.8,84.9,POSITIVE
473.5,97.8,85,POSITIVE
474,97.8,85,POSITIVE
474.5,97.9,85.1,POSITIVE
475,98,85.1,POSITIVE
475.5,98.1,85.1,POSITIVE
476,98.1,85.1,POSITIVE
476.5,98.1,85.1,POSITIVE
477,98.1,85,POSITIVE
477.5,98.1,85,POSITIVE
478,98.1,85,POSITIVE
478.5,98.2,85,POSITIVE
479,98.1,84.9,POSITIVE
479.5,98,85,POSITIVE
480,98,85.2,POSITIVE
480.5,98,85.3,POSITIVE
481,98.1,85.3,POSITIVE
481.5,98.1,85.4,POSITIVE
482,98.1,85.4,POSITIVE
482.5,98.1,85.5,POSITIVE
483,98.2,85.6,POSITIVE
483.5,98.2,85.7,POSITIVE
484,98.2,85.8,POSITIVE
484.5,98.3,85.8,POSITIVE
485,98.3,85.8,POSITIVE
485.5,98.3,85.7,POSITIVE
486,98.3,85.8,POSITIVE
486.5,98.3,85.9,POSITIVE
487,98.2,86,POSITIVE
487.5,98.1,86.1,POSITIVE
488,98,86.1,POSITIVE
488.5,98,86.1,POSITIVE
489,98,86.2,POSITIVE
489.5,98.1,86.2,POSITIVE
490,98.2,86.2,POSITIVE
490.5,98.3,86.3,POSITIVE
491,98.4,86.3,POSITIVE
491.5,98.4,86.4,POSITIVE
492,98.4,86.5,POSITIVE
492.5,98.3,86.5,POSITIVE
493,98.4,86.6,POSITIVE
493.5,98.4,86.6,POSITIVE
494,98.5,86.7,POSITIVE
494.5,98.5,86.7,POSITIVE
495,98.5,86.8,POSITIVE
495.5,98.6,86.8,POSITIVE
496,98.7,86.8,POSITIVE
496.5,98.7,86.8,POSITIVE
497,98.7,86.8,POSITIVE
497.5,98.6,86.8,POSITIVE
498,98.6,86.7,POSITIVE
498.5,98.5,86.7,POSITIVE
499,98.4,86.7,POSITIVE
499.5,98.4,86.7,POSITIVE
500,98.5,86.8,POSITIVE
500.5,98.5,86.9,POSITIVE
501,98.5,86.9,POSITIVE
501.5,98.5,86.9,POSITIVE
502,98.5,86.9,POSITIVE
502.5,98.5,87,POSITIVE
503,98.6,86.9,POSITIVE
503.5,98.7,86.9,POSITIVE
504,98.7,86.8,POSITIVE
504.5,98.7,86.7,POSITIVE
505,98.7,86.7,POSITIVE
505.5,98.7,86.7,POSITIVE
506,98.6,86.7,POSITIVE
506.5,98.6,86.6,POSITIVE
507,98.5,86.6,POSITIVE
507.5,98.5,86.5,POSITIVE
508,98.6,86.5,POSITIVE
508.5,98.6,86.4,POSITIVE
509,98.7,86.4,POSITIVE
509.5,98.7,86.4,POSITIVE
510,98.7,86.4,POSITIVE
510.5,98.8,86.4,POSITIVE
511,99,86.4,NEUTRAL
511.5,99.1,86.4,NEUTRAL
512,99.1,86.4,NEUTRAL
512.5,99.1,86.3,NEUTRAL
513,98.9,86.2,POSITIVE
513.5,98.9,86.2,POSITIVE
514,98.8,86.1,POSITIVE
514.5,98.8,86,POSITIVE
515,98.8,85.9,POSITIVE
515.5,98.8,85.9,POSITIVE
516,98.9,85.9,POSITIVE
516.5,98.8,85.8,POSITIVE
517,98.8,85.8,POSITIVE
517.5,98.7,85.7,POSITIVE
518,98.8,85.7,POSITIVE
518.5,98.7,85.7,POSITIVE
519,98.6,85.7,POSITIVE
519.5,98.6,85.7,POSITIVE
520,98.6,85.7,POSITIVE
520.5,98.6,85.7,POSITIVE
521,98.7,85.6,POSITIVE
521.5,98.6,85.6,POSITIVE
522,98.6,85.6,POSITIVE
522.5,98.6,85.6,POSITIVE
523,98.6,85.6,POSITIVE
523.5,98.5,85.6,POSITIVE
524,98.4,85.6,POSITIVE
524.5,98.4,85.6,POSITIVE
525,98.3,85.6,POSITIVE
525.5,98.4,85.6,POSITIVE
526,98.4,85.4,POSITIVE
526.5,98.4,85.4,POSITIVE
527,98.3,85.3,POSITIVE
527.5,98.3,85.3,POSITIVE
528,98.3,85.3,POSITIVE
528.5,98.2,85.3,POSITIVE
529,98.2,85.2,POSITIVE
529.5,98.3,85.2,POSITIVE
530,98.3,85.1,POSITIVE
530.5,98.3,85,POSITIVE
531,98.3,84.9,POSITIVE
531.5,98.2,84.9,POSITIVE
532,98.1,84.9,POSITIVE
532.5,98.1,85,POSITIVE
533,98,85,POSITIVE
533.5,98,84.9,POSITIVE
534,97.9,84.9,POSITIVE
534.5,97.8,84.8,POSITIVE
535,97.8,84.9,POSITIVE
535.5,97.8,84.8,POSITIVE
536,97.8,84.9,POSITIVE
536.5,97.9,84.9,POSITIVE
537,98,84.9,POSITIVE
537.5,98,84.9,POSITIVE
538,98,84.9,POSITIVE
538.5,98,84.9,POSITIVE
539,97.9,84.8,POSITIVE
539.5,97.8,84.7,POSITIVE
540,97.8,84.6,POSITIVE
540.5,97.7,84.5,POSITIVE
541,97.7,84.5,POSITIVE
541.5,97.7,84.4,POSITIVE
542,97.7,84.3,POSITIVE
542.5,97.8,84.3,POSITIVE
543,97.9,84.2,POSITIVE
543.5,97.9,84.2,POSITIVE
544,97.8,84.2,POSITIVE
544.5,97.7,84.2,POSITIVE
545,97.7,84.2,POSITIVE
545.5,97.7,84.2,POSITIVE
546,97.8,84.2,POSITIVE
546.5,97.9,84.2,POSITIVE
547,97.9,84.2,POSITIVE
547.5,97.9,84.2,POSITIVE
548,97.9,84.2,POSITIVE
548.5,97.9,84.2,POSITIVE
549,97.9,84.3,POSITIVE
549.5,97.9,84.3,POSITIVE
550,97.9,84.4,POSITIVE
550.5,97.9,84.4,POSITIVE
551,97.8,84.4,POSITIVE
551.5,97.8,84.5,POSITIVE
552,97.8,84.5,POSITIVE
552.5,97.8,84.5,POSITIVE
553,97.7,84.5,POSITIVE
553.5,97.7,84.6,POSITIVE
554,97.8,84.6,POSITIVE
554.5,97.9,84.8,POSITIVE
555,98,84.9,POSITIVE
555.5,98.1,84.9,POSITIVE
556,98.1,84.8,POSITIVE
556.5,98,84.8,POSITIVE
557,98,84.9,POSITIVE
557.5,98.1,85.1,POSITIVE
558,98.1,85.2,POSITIVE
558.5,98.2,85.2,POSITIVE
559,98.2,85.1,POSITIVE
559.5,98.2,85.1,POSITIVE
560,98.2,85.2,POSITIVE
560.5,98.1,85.2,POSITIVE
561,98.1,85.2,POSITIVE
561.5,98.1,85.2,POSITIVE
562,98.2,85.2,POSITIVE
562.5,98.2,85.2,POSITIVE
563,98.3,85.3,POSITIVE
563.5,98.3,85.3,POSITIVE
564,98.3,85.4,POSITIVE
564.5,98.3,85.4,POSITIVE
565,98.2,85.4,POSITIVE
565.5,98.2,85.4,POSITIVE
566,98,85.4,POSITIVE
566.5,98,85.4,POSITIVE
567,98,85.5,POSITIVE
567.5,98.1,85.6,POSITIVE
568,98.3,85.7,POSITIVE
568.5,98.4,85.8,POSITIVE
569,98.5,85.8,POSITIVE
569.5,98.5,85.8,POSITIVE
570,98.4,85.8,POSITIVE
570.5,98.4,85.9,POSITIVE
571,98.4,85.9,POSITIVE
571.5,98.4,85.9,POSITIVE
572,98.4,85.9,POSITIVE
572.5,98.4,86,POSITIVE
573,98.4,86.1,POSITIVE
